Date,Adj Close,Close,High,Low,Open,Volume,Company,Ticker
2023-01-02,38.204345703125,41.59000015258789,41.79999923706055,41.150001525878906,41.619998931884766,803972,RWE AG,RWE.DE
2023-01-03,36.394718170166016,39.619998931884766,42.22999954223633,39.4900016784668,41.790000915527344,2662063,RWE AG,RWE.DE
2023-01-04,35.52205276489258,38.66999816894531,39.650001525878906,38.06999969482422,39.529998779296875,4830029,RWE AG,RWE.DE
2023-01-05,35.724143981933594,38.88999938964844,39.31999969482422,38.5,38.5,2422286,RWE AG,RWE.DE
2023-01-06,35.953792572021484,39.13999938964844,39.209999084472656,38.650001525878906,38.900001525878906,2319999,RWE AG,RWE.DE
2023-01-09,35.889488220214844,39.06999969482422,39.5099983215332,38.810001373291016,39.220001220703125,2281672,RWE AG,RWE.DE
2023-01-10,36.23855972290039,39.45000076293945,39.72999954223633,39.20000076293945,39.20000076293945,1427990,RWE AG,RWE.DE
2023-01-11,37.11122512817383,40.400001525878906,40.529998779296875,39.220001220703125,39.400001525878906,2370702,RWE AG,RWE.DE
2023-01-12,38.4983024597168,41.90999984741211,42.04999923706055,40.59000015258789,40.630001068115234,2776814,RWE AG,RWE.DE
2023-01-13,38.86573791503906,42.310001373291016,42.77000045776367,41.880001068115234,41.900001525878906,2227719,RWE AG,RWE.DE
2023-01-16,38.287025451660156,41.68000030517578,42.75,41.599998474121094,42.400001525878906,1335771,RWE AG,RWE.DE
2023-01-17,38.00225830078125,41.369998931884766,41.83000183105469,41.11000061035156,41.650001525878906,1655155,RWE AG,RWE.DE
2023-01-18,37.56133270263672,40.88999938964844,41.65999984741211,40.72999954223633,41.29999923706055,1715551,RWE AG,RWE.DE
2023-01-19,37.59807586669922,40.93000030517578,41.560001373291016,40.810001373291016,41.310001373291016,1478970,RWE AG,RWE.DE
2023-01-20,38.277835845947266,41.66999816894531,42.11000061035156,41.029998779296875,41.20000076293945,1917700,RWE AG,RWE.DE
2023-01-23,38.287025451660156,41.68000030517578,42.029998779296875,41.369998931884766,41.75,1157399,RWE AG,RWE.DE
2023-01-24,38.71876525878906,42.150001525878906,42.34000015258789,41.68000030517578,41.900001525878906,994321,RWE AG,RWE.DE
2023-01-25,39.269920349121094,42.75,43.54999923706055,42.0099983215332,42.20000076293945,2323617,RWE AG,RWE.DE
2023-01-26,38.45236587524414,41.86000061035156,42.91999816894531,41.849998474121094,42.689998626708984,1873499,RWE AG,RWE.DE
2023-01-27,38.45236587524414,41.86000061035156,41.86000061035156,41.86000061035156,41.86000061035156,0,RWE AG,RWE.DE
2023-01-30,37.607261657714844,40.939998626708984,41.099998474121094,40.619998931884766,41.04999923706055,1465440,RWE AG,RWE.DE
2023-01-31,37.47865676879883,40.79999923706055,41.709999084472656,40.060001373291016,40.84000015258789,3283055,RWE AG,RWE.DE
2023-02-01,37.3592414855957,40.66999816894531,41.16999816894531,40.349998474121094,41.0,1750818,RWE AG,RWE.DE
2023-02-02,37.55215072631836,40.880001068115234,41.279998779296875,40.650001525878906,40.75,1847923,RWE AG,RWE.DE
2023-02-03,37.18471145629883,40.47999954223633,40.779998779296875,39.97999954223633,40.77000045776367,1874558,RWE AG,RWE.DE
2023-02-06,37.46028518676758,40.779998779296875,40.81999969482422,40.09000015258789,40.540000915527344,1205050,RWE AG,RWE.DE
2023-02-07,37.1755256652832,40.470001220703125,40.84000015258789,40.119998931884766,40.81999969482422,1564587,RWE AG,RWE.DE
2023-02-08,37.30413055419922,40.61000061035156,40.869998931884766,40.29999923706055,40.58000183105469,1355382,RWE AG,RWE.DE
2023-02-09,36.808082580566406,40.06999969482422,40.90999984741211,40.06999969482422,40.630001068115234,1373093,RWE AG,RWE.DE
2023-02-10,36.57843780517578,39.81999969482422,40.220001220703125,39.5,40.0,1504922,RWE AG,RWE.DE
2023-02-13,36.57843780517578,39.81999969482422,40.040000915527344,39.540000915527344,40.0,1218271,RWE AG,RWE.DE
2023-02-14,36.2293701171875,39.439998626708984,40.150001525878906,39.439998626708984,40.0099983215332,1699026,RWE AG,RWE.DE
2023-02-15,35.98134994506836,39.16999816894531,39.56999969482422,38.779998779296875,39.470001220703125,1968598,RWE AG,RWE.DE
2023-02-16,35.92623519897461,39.11000061035156,39.56999969482422,38.95000076293945,39.310001373291016,1500081,RWE AG,RWE.DE
2023-02-17,36.3028564453125,39.52000045776367,39.56999969482422,38.849998474121094,38.959999084472656,1587671,RWE AG,RWE.DE
2023-02-20,36.330413818359375,39.54999923706055,39.810001373291016,39.2599983215332,39.70000076293945,855363,RWE AG,RWE.DE
2023-02-21,37.10203552246094,40.38999938964844,40.7599983215332,39.43000030517578,39.5,2202143,RWE AG,RWE.DE
2023-02-22,37.01935958862305,40.29999923706055,40.65999984741211,40.02000045776367,40.220001220703125,1313482,RWE AG,RWE.DE
2023-02-23,36.771339416503906,40.029998779296875,40.34000015258789,39.959999084472656,40.279998779296875,898127,RWE AG,RWE.DE
2023-02-24,36.65192413330078,39.900001525878906,40.7400016784668,39.900001525878906,40.099998474121094,2669296,RWE AG,RWE.DE
2023-02-27,36.71622848510742,39.970001220703125,40.400001525878906,39.939998626708984,40.08000183105469,918897,RWE AG,RWE.DE
2023-02-28,36.96424865722656,40.2400016784668,40.45000076293945,39.63999938964844,39.900001525878906,2789522,RWE AG,RWE.DE
2023-03-01,35.90786361694336,39.09000015258789,40.06999969482422,38.939998626708984,40.060001373291016,3173839,RWE AG,RWE.DE
2023-03-02,36.064022064208984,39.2599983215332,39.45000076293945,38.560001373291016,39.029998779296875,1412464,RWE AG,RWE.DE
2023-03-03,35.871116638183594,39.04999923706055,39.79999923706055,38.93000030517578,39.5,1964418,RWE AG,RWE.DE
2023-03-06,35.6414680480957,38.79999923706055,39.25,38.779998779296875,39.16999816894531,1274286,RWE AG,RWE.DE
2023-03-07,35.51286697387695,38.65999984741211,39.16999816894531,38.619998931884766,38.70000076293945,1714852,RWE AG,RWE.DE
2023-03-08,35.669029235839844,38.83000183105469,38.88999938964844,37.84000015258789,38.56999969482422,1912404,RWE AG,RWE.DE
2023-03-09,35.54042434692383,38.689998626708984,38.88999938964844,38.20000076293945,38.720001220703125,1342541,RWE AG,RWE.DE
2023-03-10,35.43019104003906,38.56999969482422,39.18000030517578,38.31999969482422,38.630001068115234,1591829,RWE AG,RWE.DE
2023-03-13,35.4210090637207,38.560001373291016,38.9900016784668,37.93000030517578,38.650001525878906,1737144,RWE AG,RWE.DE
2023-03-14,36.32122802734375,39.540000915527344,40.0099983215332,38.560001373291016,38.7400016784668,2775838,RWE AG,RWE.DE
2023-03-15,35.10868453979492,38.220001220703125,40.20000076293945,38.150001525878906,39.63999938964844,3637931,RWE AG,RWE.DE
2023-03-16,35.65983963012695,38.81999969482422,39.08000183105469,38.11000061035156,38.5,2611270,RWE AG,RWE.DE
2023-03-17,34.768802642822266,37.849998474121094,38.849998474121094,37.52000045776367,38.79999923706055,4396781,RWE AG,RWE.DE
2023-03-20,35.25566482543945,38.380001068115234,38.52000045776367,37.560001373291016,37.83000183105469,2301553,RWE AG,RWE.DE
2023-03-21,35.760887145996094,38.93000030517578,39.7400016784668,38.540000915527344,39.400001525878906,2866763,RWE AG,RWE.DE
2023-03-22,35.52205276489258,38.66999816894531,39.0099983215332,38.310001373291016,38.970001220703125,2326642,RWE AG,RWE.DE
2023-03-23,35.78844451904297,38.959999084472656,39.06999969482422,38.369998931884766,38.7400016784668,2050401,RWE AG,RWE.DE
2023-03-24,34.410552978515625,37.459999084472656,38.970001220703125,37.36000061035156,38.970001220703125,3194075,RWE AG,RWE.DE
2023-03-27,35.04438781738281,38.150001525878906,38.310001373291016,37.560001373291016,37.779998779296875,2037842,RWE AG,RWE.DE
2023-03-28,34.98008346557617,38.08000183105469,38.41999816894531,38.040000915527344,38.400001525878906,1350119,RWE AG,RWE.DE
2023-03-29,35.5679817199707,38.720001220703125,38.810001373291016,38.08000183105469,38.20000076293945,1645229,RWE AG,RWE.DE
2023-03-30,36.07320785522461,39.27000045776367,39.540000915527344,38.75,38.7599983215332,1836928,RWE AG,RWE.DE
2023-03-31,36.413089752197266,39.63999938964844,39.779998779296875,39.22999954223633,39.349998474121094,1686843,RWE AG,RWE.DE
2023-04-03,36.49576187133789,39.72999954223633,40.25,39.40999984741211,39.79999923706055,1617113,RWE AG,RWE.DE
2023-04-04,35.99053955078125,39.18000030517578,39.869998931884766,39.11000061035156,39.75,1596226,RWE AG,RWE.DE
2023-04-05,36.50495147705078,39.7400016784668,39.959999084472656,39.08000183105469,39.11000061035156,1605326,RWE AG,RWE.DE
2023-04-06,37.22145462036133,40.52000045776367,40.58000183105469,39.849998474121094,39.90999984741211,2064081,RWE AG,RWE.DE
2023-04-11,37.56133270263672,40.88999938964844,41.029998779296875,40.459999084472656,40.77000045776367,1596722,RWE AG,RWE.DE
2023-04-12,37.66238021850586,41.0,41.38999938964844,40.810001373291016,40.86000061035156,1574906,RWE AG,RWE.DE
2023-04-13,37.46028518676758,40.779998779296875,41.040000915527344,40.70000076293945,40.970001220703125,1199360,RWE AG,RWE.DE
2023-04-14,37.05610656738281,40.34000015258789,41.2400016784668,40.119998931884766,41.150001525878906,1707049,RWE AG,RWE.DE
2023-04-17,37.27656555175781,40.58000183105469,41.18000030517578,40.29999923706055,40.349998474121094,1490313,RWE AG,RWE.DE
2023-04-18,37.13877868652344,40.43000030517578,40.63999938964844,40.130001068115234,40.529998779296875,1663675,RWE AG,RWE.DE
2023-04-19,37.59807586669922,40.93000030517578,41.02000045776367,40.33000183105469,40.439998626708984,1458346,RWE AG,RWE.DE
2023-04-20,37.57052230834961,40.900001525878906,41.18000030517578,40.709999084472656,41.040000915527344,1183834,RWE AG,RWE.DE
2023-04-21,37.70830535888672,41.04999923706055,41.47999954223633,40.84000015258789,40.84000015258789,1820168,RWE AG,RWE.DE
2023-04-24,37.74504852294922,41.09000015258789,41.150001525878906,40.689998626708984,40.95000076293945,1218676,RWE AG,RWE.DE
2023-04-25,38.18597412109375,41.56999969482422,41.599998474121094,41.04999923706055,41.130001068115234,1459415,RWE AG,RWE.DE
2023-04-26,38.213531494140625,41.599998474121094,41.88999938964844,41.41999816894531,41.619998931884766,1597679,RWE AG,RWE.DE
2023-04-27,38.98515701293945,42.439998626708984,43.029998779296875,41.810001373291016,41.84000015258789,3391354,RWE AG,RWE.DE
2023-04-28,39.08619689941406,42.54999923706055,42.65999984741211,42.08000183105469,42.61000061035156,1787598,RWE AG,RWE.DE
2023-05-02,38.42481231689453,41.83000183105469,42.70000076293945,41.66999816894531,42.56999969482422,1683459,RWE AG,RWE.DE
2023-05-03,38.287025451660156,41.68000030517578,42.27000045776367,41.58000183105469,41.84000015258789,1219675,RWE AG,RWE.DE
2023-05-04,38.72794723510742,42.15999984741211,42.15999984741211,41.59000015258789,41.7400016784668,2279156,RWE AG,RWE.DE
2023-05-05,38.9250602722168,41.470001220703125,41.65999984741211,40.97999954223633,41.400001525878906,1520579,RWE AG,RWE.DE
2023-05-08,38.81241989135742,41.349998474121094,41.689998626708984,41.29999923706055,41.41999816894531,924815,RWE AG,RWE.DE
2023-05-09,39.460079193115234,42.040000915527344,42.560001373291016,41.470001220703125,42.20000076293945,2101462,RWE AG,RWE.DE
2023-05-10,39.244197845458984,41.810001373291016,42.380001068115234,41.720001220703125,41.9900016784668,1453985,RWE AG,RWE.DE
2023-05-11,39.197261810302734,41.7599983215332,42.310001373291016,41.119998931884766,41.5,1239323,RWE AG,RWE.DE
2023-05-12,39.891849517822266,42.5,42.599998474121094,42.13999938964844,42.13999938964844,1934625,RWE AG,RWE.DE
2023-05-15,39.84491729736328,42.45000076293945,42.83000183105469,42.31999969482422,42.59000015258789,1046644,RWE AG,RWE.DE
2023-05-16,39.70412063598633,42.29999923706055,42.93000030517578,42.209999084472656,42.529998779296875,934237,RWE AG,RWE.DE
2023-05-17,39.27235412597656,41.84000015258789,42.13999938964844,41.7400016784668,42.040000915527344,1230252,RWE AG,RWE.DE
2023-05-18,38.671630859375,41.20000076293945,42.08000183105469,41.04999923706055,42.0,1397571,RWE AG,RWE.DE
2023-05-19,38.63408279418945,41.15999984741211,41.27000045776367,40.849998474121094,41.2599983215332,2089813,RWE AG,RWE.DE
2023-05-22,38.54022216796875,41.060001373291016,41.959999084472656,40.959999084472656,41.040000915527344,1592273,RWE AG,RWE.DE
2023-05-23,38.380653381347656,40.88999938964844,41.060001373291016,40.59000015258789,41.0,1370582,RWE AG,RWE.DE
2023-05-24,37.836246490478516,40.310001373291016,40.88999938964844,40.209999084472656,40.88999938964844,1282550,RWE AG,RWE.DE
2023-05-25,36.88822937011719,39.29999923706055,40.36000061035156,39.29999923706055,40.349998474121094,2165904,RWE AG,RWE.DE
2023-05-26,36.616024017333984,39.0099983215332,39.349998474121094,38.38999938964844,39.290000915527344,2065169,RWE AG,RWE.DE
2023-05-29,36.60663986206055,39.0,39.349998474121094,38.83000183105469,39.20000076293945,720594,RWE AG,RWE.DE
2023-05-30,36.59725570678711,38.9900016784668,39.290000915527344,38.880001068115234,39.029998779296875,1372885,RWE AG,RWE.DE
2023-05-31,36.719276428222656,39.119998931884766,39.540000915527344,38.83000183105469,38.90999984741211,4511537,RWE AG,RWE.DE
2023-06-01,36.69111633300781,39.09000015258789,39.619998931884766,38.959999084472656,39.34000015258789,1366469,RWE AG,RWE.DE
2023-06-02,36.91638946533203,39.33000183105469,39.33000183105469,38.779998779296875,39.119998931884766,1309647,RWE AG,RWE.DE
2023-06-05,36.70988845825195,39.11000061035156,39.5,39.08000183105469,39.400001525878906,981076,RWE AG,RWE.DE
2023-06-06,37.0853385925293,39.5099983215332,39.540000915527344,39.11000061035156,39.16999816894531,997234,RWE AG,RWE.DE
2023-06-07,36.85068130493164,39.2599983215332,39.720001220703125,39.060001373291016,39.529998779296875,1165887,RWE AG,RWE.DE
2023-06-08,36.77559280395508,39.18000030517578,39.54999923706055,38.970001220703125,39.439998626708984,1405203,RWE AG,RWE.DE
2023-06-09,37.385704040527344,39.83000183105469,40.0,39.25,39.25,1608179,RWE AG,RWE.DE
2023-06-12,37.23551940917969,39.66999816894531,40.04999923706055,39.630001068115234,39.880001068115234,912247,RWE AG,RWE.DE
2023-06-13,37.197975158691406,39.630001068115234,39.72999954223633,38.83000183105469,39.689998626708984,1922292,RWE AG,RWE.DE
2023-06-14,37.49834060668945,39.95000076293945,40.13999938964844,39.70000076293945,39.72999954223633,1371899,RWE AG,RWE.DE
2023-06-15,37.535884857177734,39.9900016784668,40.400001525878906,39.290000915527344,39.70000076293945,1608502,RWE AG,RWE.DE
2023-06-16,37.930110931396484,40.40999984741211,40.84000015258789,40.040000915527344,40.040000915527344,6921806,RWE AG,RWE.DE
2023-06-19,37.45140838623047,39.900001525878906,40.529998779296875,39.83000183105469,40.529998779296875,959397,RWE AG,RWE.DE
2023-06-20,37.63913345336914,40.099998474121094,40.45000076293945,39.810001373291016,39.81999969482422,1028289,RWE AG,RWE.DE
2023-06-21,37.948883056640625,40.43000030517578,40.65999984741211,39.66999816894531,40.0,1153207,RWE AG,RWE.DE
2023-06-22,37.67667770385742,40.13999938964844,40.369998931884766,39.95000076293945,40.369998931884766,917886,RWE AG,RWE.DE
2023-06-23,37.291839599609375,39.72999954223633,40.47999954223633,39.619998931884766,40.22999954223633,1179407,RWE AG,RWE.DE
2023-06-26,37.13227462768555,39.560001373291016,39.9900016784668,39.4900016784668,39.70000076293945,1292167,RWE AG,RWE.DE
2023-06-27,37.423248291015625,39.869998931884766,39.93000030517578,39.5099983215332,39.68000030517578,1052935,RWE AG,RWE.DE
2023-06-28,37.61097717285156,40.06999969482422,40.18000030517578,39.75,39.959999084472656,1035331,RWE AG,RWE.DE
2023-06-29,37.37631607055664,39.81999969482422,40.220001220703125,39.45000076293945,40.060001373291016,1235631,RWE AG,RWE.DE
2023-06-30,37.423248291015625,39.869998931884766,40.16999816894531,39.790000915527344,40.09000015258789,2088956,RWE AG,RWE.DE
2023-07-03,37.89256286621094,40.369998931884766,40.790000915527344,39.91999816894531,40.060001373291016,1398042,RWE AG,RWE.DE
2023-07-04,37.836246490478516,40.310001373291016,40.5099983215332,40.119998931884766,40.369998931884766,845681,RWE AG,RWE.DE
2023-07-05,37.517112731933594,39.970001220703125,40.65999984741211,39.970001220703125,40.18000030517578,1133162,RWE AG,RWE.DE
2023-07-06,36.96331787109375,39.380001068115234,40.040000915527344,39.189998626708984,39.849998474121094,1707977,RWE AG,RWE.DE
2023-07-07,36.65357208251953,39.04999923706055,39.33000183105469,38.810001373291016,39.20000076293945,1259774,RWE AG,RWE.DE
2023-07-10,36.24057388305664,38.61000061035156,39.09000015258789,38.279998779296875,39.08000183105469,1421534,RWE AG,RWE.DE
2023-07-11,36.55970764160156,38.95000076293945,39.38999938964844,38.79999923706055,38.880001068115234,1350619,RWE AG,RWE.DE
2023-07-12,36.69111633300781,39.09000015258789,39.15999984741211,38.40999984741211,39.0,1645548,RWE AG,RWE.DE
2023-07-13,37.00086212158203,39.41999816894531,39.459999084472656,39.08000183105469,39.22999954223633,1157297,RWE AG,RWE.DE
2023-07-14,37.029022216796875,39.45000076293945,39.849998474121094,39.369998931884766,39.540000915527344,892206,RWE AG,RWE.DE
2023-07-17,36.82252502441406,39.22999954223633,39.849998474121094,39.209999084472656,39.4900016784668,858343,RWE AG,RWE.DE
2023-07-18,36.70988845825195,39.11000061035156,39.16999816894531,38.90999984741211,39.130001068115234,940613,RWE AG,RWE.DE
2023-07-19,36.82252502441406,39.22999954223633,39.439998626708984,38.939998626708984,39.13999938964844,1228994,RWE AG,RWE.DE
2023-07-20,37.20736312866211,39.63999938964844,39.77000045776367,39.40999984741211,39.540000915527344,979848,RWE AG,RWE.DE
2023-07-21,37.61097717285156,40.06999969482422,40.06999969482422,39.689998626708984,39.790000915527344,1082325,RWE AG,RWE.DE
2023-07-24,37.40447235107422,39.849998474121094,40.45000076293945,39.7599983215332,40.04999923706055,1008846,RWE AG,RWE.DE
2023-07-25,37.47956848144531,39.93000030517578,39.97999954223633,39.349998474121094,39.59000015258789,1146059,RWE AG,RWE.DE
2023-07-26,38.10844802856445,40.599998474121094,41.13999938964844,40.16999816894531,40.95000076293945,3047894,RWE AG,RWE.DE
2023-07-27,37.41386413574219,39.86000061035156,40.75,39.86000061035156,40.599998474121094,2347348,RWE AG,RWE.DE
2023-07-28,36.540931701660156,38.93000030517578,39.939998626708984,38.93000030517578,39.79999923706055,2866607,RWE AG,RWE.DE
2023-07-31,36.728660583496094,39.130001068115234,39.4900016784668,38.900001525878906,38.900001525878906,1634978,RWE AG,RWE.DE
2023-08-01,36.55031967163086,38.939998626708984,39.45000076293945,38.86000061035156,39.279998779296875,1415167,RWE AG,RWE.DE
2023-08-02,35.761871337890625,38.099998474121094,38.7400016784668,38.08000183105469,38.7400016784668,2178430,RWE AG,RWE.DE
2023-08-03,35.83695983886719,38.18000030517578,38.52000045776367,37.939998626708984,38.20000076293945,1672809,RWE AG,RWE.DE
2023-08-04,36.09039306640625,38.45000076293945,38.47999954223633,38.040000915527344,38.130001068115234,1302462,RWE AG,RWE.DE
2023-08-07,35.94021224975586,38.290000915527344,38.5099983215332,37.84000015258789,38.5,1291920,RWE AG,RWE.DE
2023-08-08,36.12793731689453,38.4900016784668,38.720001220703125,38.25,38.290000915527344,1304853,RWE AG,RWE.DE
2023-08-09,36.62541198730469,39.02000045776367,39.08000183105469,38.47999954223633,38.65999984741211,2004836,RWE AG,RWE.DE
2023-08-10,36.193641662597656,38.560001373291016,39.79999923706055,38.2599983215332,39.560001373291016,2970349,RWE AG,RWE.DE
2023-08-11,36.53154754638672,38.91999816894531,39.2400016784668,38.619998931884766,38.72999954223633,1658134,RWE AG,RWE.DE
2023-08-14,36.67234420776367,39.06999969482422,39.25,38.880001068115234,38.97999954223633,1152375,RWE AG,RWE.DE
2023-08-15,36.371978759765625,38.75,39.310001373291016,38.5099983215332,39.27000045776367,1312058,RWE AG,RWE.DE
2023-08-16,36.49400329589844,38.880001068115234,39.02000045776367,38.65999984741211,38.75,948030,RWE AG,RWE.DE
2023-08-17,36.118553161621094,38.47999954223633,38.86000061035156,38.43000030517578,38.790000915527344,927584,RWE AG,RWE.DE
2023-08-18,35.99652862548828,38.349998474121094,38.77000045776367,38.20000076293945,38.58000183105469,1333331,RWE AG,RWE.DE
2023-08-21,35.827571868896484,38.16999816894531,38.56999969482422,37.88999938964844,38.310001373291016,1445983,RWE AG,RWE.DE
2023-08-22,36.174869537353516,38.540000915527344,38.689998626708984,38.18000030517578,38.18000030517578,854395,RWE AG,RWE.DE
2023-08-23,36.40013885498047,38.779998779296875,39.400001525878906,38.72999954223633,38.75,1359095,RWE AG,RWE.DE
2023-08-24,36.587867736816406,38.97999954223633,39.2400016784668,38.90999984741211,38.939998626708984,1075544,RWE AG,RWE.DE
2023-08-25,36.860069274902344,39.27000045776367,39.369998931884766,38.86000061035156,38.939998626708984,770414,RWE AG,RWE.DE
2023-08-28,37.029022216796875,39.45000076293945,39.54999923706055,39.220001220703125,39.29999923706055,726161,RWE AG,RWE.DE
2023-08-29,37.48895263671875,39.939998626708984,40.0099983215332,39.58000183105469,39.619998931884766,1141847,RWE AG,RWE.DE
2023-08-30,35.724327087402344,38.060001373291016,39.689998626708984,38.02000045776367,39.63999938964844,4752469,RWE AG,RWE.DE
2023-08-31,35.724327087402344,38.060001373291016,38.81999969482422,38.0099983215332,38.08000183105469,3217094,RWE AG,RWE.DE
2023-09-01,35.564754486083984,37.88999938964844,38.189998626708984,37.630001068115234,37.939998626708984,1589313,RWE AG,RWE.DE
2023-09-04,34.85139846801758,37.130001068115234,38.040000915527344,37.060001373291016,37.939998626708984,2596922,RWE AG,RWE.DE
2023-09-05,34.31637954711914,36.560001373291016,37.16999816894531,36.31999969482422,37.130001068115234,2595430,RWE AG,RWE.DE
2023-09-06,34.77630615234375,37.04999923706055,37.13999938964844,36.45000076293945,36.599998474121094,1824793,RWE AG,RWE.DE
2023-09-07,34.89833068847656,37.18000030517578,37.27000045776367,36.7599983215332,37.06999969482422,1627286,RWE AG,RWE.DE
2023-09-08,34.823238372802734,37.099998474121094,37.47999954223633,36.93000030517578,37.36000061035156,1434660,RWE AG,RWE.DE
2023-09-11,34.50410079956055,36.7599983215332,37.380001068115234,36.7599983215332,37.16999816894531,1657411,RWE AG,RWE.DE
2023-09-12,34.13803482055664,36.369998931884766,36.880001068115234,36.2599983215332,36.810001373291016,2625205,RWE AG,RWE.DE
2023-09-13,33.95969772338867,36.18000030517578,36.2599983215332,35.7599983215332,36.25,2474511,RWE AG,RWE.DE
2023-09-14,34.560420989990234,36.81999969482422,36.869998931884766,36.099998474121094,36.20000076293945,2006214,RWE AG,RWE.DE
2023-09-15,34.43839645385742,36.689998626708984,37.09000015258789,36.63999938964844,36.9900016784668,3490973,RWE AG,RWE.DE
2023-09-18,33.93153762817383,36.150001525878906,36.7400016784668,36.08000183105469,36.689998626708984,1686291,RWE AG,RWE.DE
2023-09-19,34.072330474853516,36.29999923706055,36.560001373291016,36.18000030517578,36.25,1362811,RWE AG,RWE.DE
2023-09-20,34.541648864746094,36.79999923706055,37.040000915527344,36.349998474121094,36.349998474121094,1691195,RWE AG,RWE.DE
2023-09-21,34.3726921081543,36.619998931884766,36.9900016784668,36.38999938964844,36.52000045776367,1580268,RWE AG,RWE.DE
2023-09-22,34.363311767578125,36.61000061035156,36.84000015258789,36.27000045776367,36.400001525878906,1902041,RWE AG,RWE.DE
2023-09-25,33.63117599487305,35.83000183105469,36.72999954223633,35.7599983215332,36.59000015258789,2240443,RWE AG,RWE.DE
2023-09-26,33.405906677246094,35.59000015258789,35.83000183105469,35.279998779296875,35.83000183105469,2671220,RWE AG,RWE.DE
2023-09-27,32.68315887451172,34.81999969482422,35.52000045776367,34.77000045776367,35.36000061035156,1858725,RWE AG,RWE.DE
2023-09-28,32.55175018310547,34.68000030517578,35.20000076293945,34.56999969482422,34.72999954223633,1493341,RWE AG,RWE.DE
2023-09-29,32.9929084777832,35.150001525878906,35.5,34.810001373291016,34.810001373291016,2103023,RWE AG,RWE.DE
2023-10-02,31.951026916503906,34.040000915527344,35.40999984741211,34.02000045776367,35.349998474121094,2264868,RWE AG,RWE.DE
2023-10-03,30.721418380737305,32.72999954223633,33.95000076293945,32.54999923706055,33.95000076293945,4686266,RWE AG,RWE.DE
2023-10-04,30.78712272644043,32.79999923706055,33.599998474121094,32.66999816894531,32.7599983215332,3459742,RWE AG,RWE.DE
2023-10-05,31.012393951416016,33.040000915527344,33.189998626708984,32.869998931884766,33.0,1641405,RWE AG,RWE.DE
2023-10-06,30.721418380737305,32.72999954223633,33.099998474121094,31.549999237060547,33.040000915527344,2679175,RWE AG,RWE.DE
2023-10-09,31.059326171875,33.09000015258789,33.349998474121094,32.79999923706055,32.900001525878906,1903629,RWE AG,RWE.DE
2023-10-10,32.166908264160156,34.27000045776367,34.47999954223633,33.54999923706055,33.54999923706055,2932864,RWE AG,RWE.DE
2023-10-11,32.504817962646484,34.630001068115234,35.04999923706055,34.22999954223633,34.38999938964844,2509883,RWE AG,RWE.DE
2023-10-12,31.913480758666992,34.0,34.95000076293945,34.0,34.79999923706055,2821234,RWE AG,RWE.DE
2023-10-13,31.951026916503906,34.040000915527344,34.439998626708984,33.56999969482422,33.81999969482422,2278291,RWE AG,RWE.DE
2023-10-16,31.913480758666992,34.0,34.36000061035156,33.720001220703125,34.15999984741211,1542636,RWE AG,RWE.DE
2023-10-17,31.7632999420166,33.84000015258789,34.59000015258789,33.68000030517578,34.099998474121094,2418835,RWE AG,RWE.DE
2023-10-18,31.59434700012207,33.65999984741211,33.939998626708984,33.38999938964844,33.66999816894531,1561866,RWE AG,RWE.DE
2023-10-19,32.13875198364258,34.2400016784668,34.45000076293945,33.5,33.5,1886767,RWE AG,RWE.DE
2023-10-20,32.03550338745117,34.130001068115234,34.56999969482422,33.849998474121094,33.86000061035156,2519786,RWE AG,RWE.DE
2023-10-23,31.904094696044922,33.9900016784668,34.130001068115234,33.470001220703125,33.959999084472656,1391184,RWE AG,RWE.DE
2023-10-24,32.917816162109375,35.06999969482422,35.11000061035156,33.88999938964844,33.939998626708984,3087379,RWE AG,RWE.DE
2023-10-25,33.143089294433594,35.310001373291016,35.650001525878906,34.79999923706055,35.5,2387716,RWE AG,RWE.DE
2023-10-26,33.28388214111328,35.459999084472656,35.79999923706055,35.02000045776367,35.31999969482422,2358287,RWE AG,RWE.DE
2023-10-27,33.37774658203125,35.560001373291016,35.95000076293945,35.34000015258789,35.34000015258789,1492198,RWE AG,RWE.DE
2023-10-30,33.6030158996582,35.79999923706055,36.189998626708984,35.68000030517578,35.70000076293945,1563109,RWE AG,RWE.DE
2023-10-31,33.91276931762695,36.130001068115234,36.27000045776367,35.790000915527344,36.060001373291016,1971729,RWE AG,RWE.DE
2023-11-01,34.081722259521484,36.310001373291016,36.58000183105469,35.20000076293945,35.880001068115234,2165472,RWE AG,RWE.DE
2023-11-02,34.31637954711914,36.560001373291016,36.720001220703125,36.34000015258789,36.470001220703125,1781772,RWE AG,RWE.DE
2023-11-03,34.579193115234375,36.84000015258789,37.279998779296875,36.56999969482422,36.599998474121094,1924661,RWE AG,RWE.DE
2023-11-06,34.5698127746582,36.83000183105469,37.040000915527344,36.65999984741211,36.65999984741211,1307574,RWE AG,RWE.DE
2023-11-07,34.231903076171875,36.470001220703125,36.970001220703125,36.470001220703125,36.75,1263920,RWE AG,RWE.DE
2023-11-08,33.753196716308594,35.959999084472656,36.41999816894531,35.84000015258789,36.380001068115234,1940523,RWE AG,RWE.DE
2023-11-09,34.13803482055664,36.369998931884766,36.529998779296875,35.779998779296875,36.09000015258789,2279559,RWE AG,RWE.DE
2023-11-10,34.053558349609375,36.279998779296875,36.34000015258789,35.849998474121094,36.20000076293945,1565157,RWE AG,RWE.DE
2023-11-13,34.081722259521484,36.310001373291016,36.58000183105469,36.130001068115234,36.15999984741211,1523236,RWE AG,RWE.DE
2023-11-14,35.348873138427734,37.65999984741211,37.779998779296875,36.65999984741211,37.040000915527344,3870294,RWE AG,RWE.DE
2023-11-15,35.6867790222168,38.02000045776367,38.529998779296875,37.75,37.779998779296875,2144776,RWE AG,RWE.DE
2023-11-16,35.88389205932617,38.22999954223633,38.540000915527344,38.13999938964844,38.20000076293945,1802037,RWE AG,RWE.DE
2023-11-17,35.98714065551758,38.34000015258789,38.68000030517578,38.290000915527344,38.38999938964844,1705376,RWE AG,RWE.DE
2023-11-20,35.83695983886719,38.18000030517578,38.560001373291016,38.060001373291016,38.2599983215332,1901519,RWE AG,RWE.DE
2023-11-21,35.724327087402344,38.060001373291016,38.400001525878906,37.84000015258789,38.25,1729473,RWE AG,RWE.DE
2023-11-22,35.630462646484375,37.959999084472656,38.29999923706055,37.75,38.15999984741211,1968553,RWE AG,RWE.DE
2023-11-23,35.86511993408203,38.209999084472656,38.310001373291016,37.900001525878906,37.95000076293945,1043919,RWE AG,RWE.DE
2023-11-24,35.94021224975586,38.290000915527344,38.40999984741211,38.09000015258789,38.31999969482422,1069494,RWE AG,RWE.DE
2023-11-27,36.03407669067383,38.38999938964844,38.5,38.119998931884766,38.349998474121094,1280367,RWE AG,RWE.DE
2023-11-28,37.13227462768555,39.560001373291016,39.97999954223633,38.290000915527344,38.31999969482422,4713615,RWE AG,RWE.DE
2023-11-29,36.85068130493164,39.2599983215332,40.060001373291016,39.15999984741211,39.689998626708984,2245076,RWE AG,RWE.DE
2023-11-30,36.95393371582031,39.369998931884766,39.7400016784668,39.189998626708984,39.25,3347951,RWE AG,RWE.DE
2023-12-01,37.31061553955078,39.75,39.84000015258789,39.380001068115234,39.54999923706055,1863728,RWE AG,RWE.DE
2023-12-04,37.21675109863281,39.650001525878906,39.939998626708984,39.54999923706055,39.83000183105469,1263671,RWE AG,RWE.DE
2023-12-05,37.69545364379883,40.15999984741211,40.220001220703125,39.529998779296875,39.720001220703125,2133696,RWE AG,RWE.DE
2023-12-06,37.96765899658203,40.45000076293945,40.540000915527344,39.83000183105469,40.20000076293945,2172724,RWE AG,RWE.DE
2023-12-07,38.02397155761719,40.5099983215332,40.84000015258789,40.41999816894531,40.59000015258789,1282387,RWE AG,RWE.DE
2023-12-08,37.96765899658203,40.45000076293945,40.779998779296875,40.45000076293945,40.54999923706055,2536998,RWE AG,RWE.DE
2023-12-11,38.18354034423828,40.68000030517578,41.04999923706055,40.25,40.650001525878906,2164937,RWE AG,RWE.DE
2023-12-12,38.15538024902344,40.650001525878906,41.029998779296875,40.58000183105469,40.86000061035156,2030353,RWE AG,RWE.DE
2023-12-13,38.455745697021484,40.970001220703125,41.08000183105469,40.470001220703125,40.599998474121094,1766954,RWE AG,RWE.DE
2023-12-14,39.17849349975586,41.7400016784668,42.33000183105469,41.689998626708984,42.0,2998987,RWE AG,RWE.DE
2023-12-15,38.887516021728516,41.43000030517578,42.18000030517578,41.43000030517578,41.599998474121094,3874379,RWE AG,RWE.DE
2023-12-18,38.16476821899414,40.65999984741211,41.36000061035156,40.59000015258789,41.29999923706055,1363177,RWE AG,RWE.DE
2023-12-19,38.127220153808594,40.619998931884766,40.970001220703125,40.52000045776367,40.619998931884766,1316129,RWE AG,RWE.DE
2023-12-20,37.9770393371582,40.459999084472656,40.7599983215332,40.31999969482422,40.72999954223633,1875972,RWE AG,RWE.DE
2023-12-21,38.08967590332031,40.58000183105469,40.619998931884766,40.02000045776367,40.29999923706055,1631936,RWE AG,RWE.DE
2023-12-22,38.35249710083008,40.86000061035156,40.91999816894531,40.45000076293945,40.52000045776367,980324,RWE AG,RWE.DE
2023-12-27,38.52145004272461,41.040000915527344,41.099998474121094,40.790000915527344,40.880001068115234,779246,RWE AG,RWE.DE
2023-12-28,38.53083419799805,41.04999923706055,41.119998931884766,40.81999969482422,41.029998779296875,975766,RWE AG,RWE.DE
2023-12-29,38.65285873413086,41.18000030517578,41.18000030517578,40.939998626708984,41.099998474121094,732440,RWE AG,RWE.DE
2024-01-02,38.577762603759766,41.099998474121094,41.630001068115234,40.93000030517578,41.29999923706055,1087047,RWE AG,RWE.DE
2024-01-03,37.93949508666992,40.41999816894531,41.29999923706055,40.290000915527344,41.18000030517578,1458824,RWE AG,RWE.DE
2024-01-04,38.277400970458984,40.779998779296875,40.79999923706055,40.38999938964844,40.52000045776367,1237834,RWE AG,RWE.DE
2024-01-05,38.2398567199707,40.7400016784668,40.81999969482422,40.27000045776367,40.56999969482422,1688676,RWE AG,RWE.DE
2024-01-08,37.99581527709961,40.47999954223633,40.779998779296875,40.380001068115234,40.59000015258789,1433927,RWE AG,RWE.DE
2024-01-09,38.64346694946289,41.16999816894531,41.189998626708984,40.459999084472656,40.5,1576824,RWE AG,RWE.DE
2024-01-10,38.26801681518555,40.77000045776367,41.09000015258789,40.7599983215332,41.04999923706055,980424,RWE AG,RWE.DE
2024-01-11,37.122886657714844,39.54999923706055,40.93000030517578,39.25,40.81999969482422,2231489,RWE AG,RWE.DE
2024-01-12,36.80375289916992,39.209999084472656,39.79999923706055,38.68000030517578,39.70000076293945,2526427,RWE AG,RWE.DE
2024-01-15,36.193641662597656,38.560001373291016,39.4900016784668,38.52000045776367,39.400001525878906,1461503,RWE AG,RWE.DE
2024-01-16,36.00591278076172,38.36000061035156,38.56999969482422,37.81999969482422,38.47999954223633,1907514,RWE AG,RWE.DE
2024-01-17,34.860782623291016,37.13999938964844,38.0,36.33000183105469,38.0,3654261,RWE AG,RWE.DE
2024-01-18,34.6542854309082,36.91999816894531,37.119998931884766,36.529998779296875,36.900001525878906,2421252,RWE AG,RWE.DE
2024-01-19,35.189308166503906,37.4900016784668,37.56999969482422,37.0,37.0,2448995,RWE AG,RWE.DE
2024-01-22,34.46656036376953,36.720001220703125,37.790000915527344,36.34000015258789,37.61000061035156,2658075,RWE AG,RWE.DE
2024-01-23,34.41962814331055,36.66999816894531,37.15999984741211,36.66999816894531,36.95000076293945,1608593,RWE AG,RWE.DE
2024-01-24,34.46656036376953,36.720001220703125,37.04999923706055,36.63999938964844,36.779998779296875,1023434,RWE AG,RWE.DE
2024-01-25,34.382083892822266,36.630001068115234,36.75,36.34000015258789,36.61000061035156,1555306,RWE AG,RWE.DE
2024-01-26,32.30770492553711,34.41999816894531,37.4900016784668,33.88999938964844,36.79999923706055,11116296,RWE AG,RWE.DE
2024-01-29,32.17629623413086,34.279998779296875,34.619998931884766,33.91999816894531,34.439998626708984,3105552,RWE AG,RWE.DE
2024-01-30,32.195068359375,34.29999923706055,34.58000183105469,33.97999954223633,34.189998626708984,2374592,RWE AG,RWE.DE
2024-01-31,32.22323226928711,34.33000183105469,34.40999984741211,33.9900016784668,34.25,2834118,RWE AG,RWE.DE
2024-02-01,31.706979751586914,33.779998779296875,34.20000076293945,33.59000015258789,34.0099983215332,2484210,RWE AG,RWE.DE
2024-02-02,31.538026809692383,33.599998474121094,34.209999084472656,33.56999969482422,34.09000015258789,3392965,RWE AG,RWE.DE
2024-02-05,31.847776412963867,33.93000030517578,34.540000915527344,33.560001373291016,33.560001373291016,2317191,RWE AG,RWE.DE
2024-02-06,31.003005981445312,33.029998779296875,33.810001373291016,32.5099983215332,33.599998474121094,3616997,RWE AG,RWE.DE
2024-02-07,30.712034225463867,32.720001220703125,33.25,32.209999084472656,33.099998474121094,2593422,RWE AG,RWE.DE
2024-02-08,30.92791748046875,32.95000076293945,33.189998626708984,32.650001525878906,32.689998626708984,2232576,RWE AG,RWE.DE
2024-02-09,30.467987060546875,32.459999084472656,32.790000915527344,32.380001068115234,32.650001525878906,2278794,RWE AG,RWE.DE
2024-02-12,30.514917373657227,32.5099983215332,32.970001220703125,32.400001525878906,32.54999923706055,1891667,RWE AG,RWE.DE
2024-02-13,30.214555740356445,32.189998626708984,32.900001525878906,32.11000061035156,32.63999938964844,1926545,RWE AG,RWE.DE
2024-02-14,29.886035919189453,31.84000015258789,32.25,31.68000030517578,32.119998931884766,1909443,RWE AG,RWE.DE
2024-02-15,30.111309051513672,32.08000183105469,32.310001373291016,31.829999923706055,31.93000030517578,2070441,RWE AG,RWE.DE
2024-02-16,29.84848976135254,31.799999237060547,32.27000045776367,31.290000915527344,32.2400016784668,3762206,RWE AG,RWE.DE
2024-02-19,29.294696807861328,31.209999084472656,32.06999969482422,31.020000457763672,31.760000228881836,2678347,RWE AG,RWE.DE
2024-02-20,29.257152557373047,31.170000076293945,31.34000015258789,30.75,31.059999465942383,2532862,RWE AG,RWE.DE
2024-02-21,29.266538619995117,31.18000030517578,31.31999969482422,30.75,30.950000762939453,2153870,RWE AG,RWE.DE
2024-02-22,29.200834274291992,31.110000610351562,31.559999465942383,30.979999542236328,31.31999969482422,2489784,RWE AG,RWE.DE
2024-02-23,29.069425582885742,30.969999313354492,31.18000030517578,30.639999389648438,31.1299991607666,2195116,RWE AG,RWE.DE
2024-02-26,28.49686050415039,30.360000610351562,31.040000915527344,30.329999923706055,31.0,2434906,RWE AG,RWE.DE
2024-02-27,29.106969833374023,31.010000228881836,31.040000915527344,30.209999084472656,30.25,2721259,RWE AG,RWE.DE
2024-02-28,28.90047264099121,30.790000915527344,31.239999771118164,30.56999969482422,31.100000381469727,2659229,RWE AG,RWE.DE
2024-02-29,29.097585678100586,31.0,31.3799991607666,30.579999923706055,30.84000015258789,4775663,RWE AG,RWE.DE
2024-03-01,28.77845001220703,30.65999984741211,31.280000686645508,30.549999237060547,30.920000076293945,3647263,RWE AG,RWE.DE
2024-03-04,28.722131729125977,30.600000381469727,30.920000076293945,30.489999771118164,30.770000457763672,2814596,RWE AG,RWE.DE
2024-03-05,29.5762882232666,31.510000228881836,31.709999084472656,30.600000381469727,30.760000228881836,3487667,RWE AG,RWE.DE
2024-03-06,29.792171478271484,31.739999771118164,32.060001373291016,31.40999984741211,31.5,4117148,RWE AG,RWE.DE
2024-03-07,30.25210189819336,32.22999954223633,32.58000183105469,31.600000381469727,31.809999465942383,3256248,RWE AG,RWE.DE
2024-03-08,29.886035919189453,31.84000015258789,32.68000030517578,31.799999237060547,32.380001068115234,3198288,RWE AG,RWE.DE
2024-03-11,29.585674285888672,31.520000457763672,32.20000076293945,31.420000076293945,31.950000762939453,2210842,RWE AG,RWE.DE
2024-03-12,29.548128128051758,31.479999542236328,31.90999984741211,31.239999771118164,31.56999969482422,3064367,RWE AG,RWE.DE
2024-03-13,29.792171478271484,31.739999771118164,32.2599983215332,31.399999618530273,31.799999237060547,3951445,RWE AG,RWE.DE
2024-03-14,28.74090576171875,30.6200008392334,32.90999984741211,30.6200008392334,32.36000061035156,7639018,RWE AG,RWE.DE
2024-03-15,29.106969833374023,31.010000228881836,31.469999313354492,30.670000076293945,30.850000381469727,5439149,RWE AG,RWE.DE
2024-03-18,29.04126739501953,30.940000534057617,31.489999771118164,30.719999313354492,30.719999313354492,2328260,RWE AG,RWE.DE
2024-03-19,28.58133888244629,30.450000762939453,31.049999237060547,30.43000030517578,31.010000228881836,2594081,RWE AG,RWE.DE
2024-03-20,29.1351318359375,31.040000915527344,31.1200008392334,30.079999923706055,30.350000381469727,3894708,RWE AG,RWE.DE
2024-03-21,29.022493362426758,30.920000076293945,31.530000686645508,30.8700008392334,31.18000030517578,2776660,RWE AG,RWE.DE
2024-03-22,29.238380432128906,31.149999618530273,31.6200008392334,30.920000076293945,31.0,2432389,RWE AG,RWE.DE
2024-03-25,29.257152557373047,31.170000076293945,31.260000228881836,31.040000915527344,31.15999984741211,1622114,RWE AG,RWE.DE
2024-03-26,29.088199615478516,30.989999771118164,31.31999969482422,30.8799991607666,31.209999084472656,2075413,RWE AG,RWE.DE
2024-03-27,29.557514190673828,31.489999771118164,31.56999969482422,30.989999771118164,31.049999237060547,1884069,RWE AG,RWE.DE
2024-03-28,29.529354095458984,31.459999084472656,31.829999923706055,31.290000915527344,31.700000762939453,3662362,RWE AG,RWE.DE
2024-04-02,29.031879425048828,30.93000030517578,31.549999237060547,30.93000030517578,31.260000228881836,2444701,RWE AG,RWE.DE
2024-04-03,28.656429290771484,30.530000686645508,31.020000457763672,30.299999237060547,31.0,3646176,RWE AG,RWE.DE
2024-04-04,29.247766494750977,31.15999984741211,31.350000381469727,30.540000915527344,30.540000915527344,2157766,RWE AG,RWE.DE
2024-04-05,28.862926483154297,30.75,31.559999465942383,30.559999465942383,30.920000076293945,3302295,RWE AG,RWE.DE
2024-04-08,29.060039520263672,30.959999084472656,31.239999771118164,30.829999923706055,30.850000381469727,1588796,RWE AG,RWE.DE
2024-04-09,29.125743865966797,31.030000686645508,31.350000381469727,30.790000915527344,31.030000686645508,2091721,RWE AG,RWE.DE
2024-04-10,28.63765525817871,30.510000228881836,31.329999923706055,30.350000381469727,31.209999084472656,2941997,RWE AG,RWE.DE
2024-04-11,29.41672134399414,31.34000015258789,31.770000457763672,30.399999618530273,30.440000534057617,3658539,RWE AG,RWE.DE
2024-04-12,30.49614715576172,32.4900016784668,32.93000030517578,31.670000076293945,31.940000534057617,5566049,RWE AG,RWE.DE
2024-04-15,30.036216735839844,32.0,32.40999984741211,31.790000915527344,32.33000183105469,2261627,RWE AG,RWE.DE
2024-04-16,29.942352294921875,31.899999618530273,32.56999969482422,31.709999084472656,31.709999084472656,3024275,RWE AG,RWE.DE
2024-04-17,29.754627227783203,31.700000762939453,32.060001373291016,31.389999389648438,31.670000076293945,1738403,RWE AG,RWE.DE
2024-04-18,30.3553524017334,32.34000015258789,32.45000076293945,31.889999389648438,32.099998474121094,2268168,RWE AG,RWE.DE
2024-04-19,30.458602905273438,32.45000076293945,32.79999923706055,32.040000915527344,32.38999938964844,2287584,RWE AG,RWE.DE
2024-04-22,30.10192108154297,32.06999969482422,32.439998626708984,31.510000228881836,32.29999923706055,3315403,RWE AG,RWE.DE
2024-04-23,29.97051239013672,31.93000030517578,32.220001220703125,31.709999084472656,32.150001525878906,2263400,RWE AG,RWE.DE
2024-04-24,29.71708106994629,31.65999984741211,31.979999542236328,31.549999237060547,31.860000610351562,2012976,RWE AG,RWE.DE
2024-04-25,29.932966232299805,31.889999389648438,32.38999938964844,31.59000015258789,31.65999984741211,2929172,RWE AG,RWE.DE
2024-04-26,30.214555740356445,32.189998626708984,32.619998931884766,31.959999084472656,31.959999084472656,2207834,RWE AG,RWE.DE
2024-04-29,30.9748477935791,33.0,33.13999938964844,32.33000183105469,32.34000015258789,2346810,RWE AG,RWE.DE
2024-04-30,30.62755584716797,32.630001068115234,33.45000076293945,32.54999923706055,33.279998779296875,3286144,RWE AG,RWE.DE
2024-05-02,31.265827178955078,33.310001373291016,33.45000076293945,33.040000915527344,33.09000015258789,3019920,RWE AG,RWE.DE
2024-05-03,31.10625648498535,33.13999938964844,33.90999984741211,33.13999938964844,33.43000030517578,2659959,RWE AG,RWE.DE
2024-05-06,31.338539123535156,32.380001068115234,32.68000030517578,32.27000045776367,32.599998474121094,1726884,RWE AG,RWE.DE
2024-05-07,32.04505920410156,33.11000061035156,33.11000061035156,32.45000076293945,32.47999954223633,2964665,RWE AG,RWE.DE
2024-05-08,31.948272705078125,33.0099983215332,33.34000015258789,32.779998779296875,33.13999938964844,2055763,RWE AG,RWE.DE
2024-05-09,32.75157928466797,33.84000015258789,33.880001068115234,33.02000045776367,33.04999923706055,2342805,RWE AG,RWE.DE
2024-05-10,33.390350341796875,34.5,34.720001220703125,33.959999084472656,33.9900016784668,3937566,RWE AG,RWE.DE
2024-05-13,33.35163497924805,34.459999084472656,34.599998474121094,34.20000076293945,34.599998474121094,2819190,RWE AG,RWE.DE
2024-05-14,33.82587814331055,34.95000076293945,35.06999969482422,34.599998474121094,34.650001525878906,2830471,RWE AG,RWE.DE
2024-05-15,34.45497131347656,35.599998474121094,36.349998474121094,34.65999984741211,35.040000915527344,5109386,RWE AG,RWE.DE
2024-05-16,34.25172424316406,35.38999938964844,35.88999938964844,35.25,35.58000183105469,2589884,RWE AG,RWE.DE
2024-05-17,33.593597412109375,34.709999084472656,35.54999923706055,34.540000915527344,35.36000061035156,2248645,RWE AG,RWE.DE
2024-05-20,33.62263488769531,34.7400016784668,35.04999923706055,34.650001525878906,34.7599983215332,937319,RWE AG,RWE.DE
2024-05-21,33.312923431396484,34.41999816894531,34.689998626708984,34.2599983215332,34.619998931884766,2267406,RWE AG,RWE.DE
2024-05-22,33.593597412109375,34.709999084472656,34.75,34.2599983215332,34.369998931884766,1364577,RWE AG,RWE.DE
2024-05-23,33.48713302612305,34.599998474121094,34.75,34.16999816894531,34.65999984741211,3518414,RWE AG,RWE.DE
2024-05-24,33.05160903930664,34.150001525878906,34.5,34.0,34.290000915527344,1576787,RWE AG,RWE.DE
2024-05-27,33.89362716674805,35.02000045776367,35.09000015258789,34.130001068115234,34.13999938964844,1491689,RWE AG,RWE.DE
2024-05-28,33.90330123901367,35.029998779296875,35.439998626708984,34.97999954223633,35.11000061035156,1427011,RWE AG,RWE.DE
2024-05-29,33.12903594970703,34.22999954223633,34.810001373291016,34.189998626708984,34.68000030517578,1694957,RWE AG,RWE.DE
2024-05-30,33.70005798339844,34.81999969482422,34.93000030517578,34.06999969482422,34.09000015258789,1434212,RWE AG,RWE.DE
2024-05-31,33.71941375732422,34.84000015258789,34.970001220703125,34.630001068115234,34.66999816894531,2480819,RWE AG,RWE.DE
2024-06-03,34.493682861328125,35.63999938964844,35.720001220703125,34.95000076293945,35.040000915527344,2027333,RWE AG,RWE.DE
2024-06-04,34.425933837890625,35.56999969482422,35.91999816894531,35.41999816894531,35.65999984741211,1656236,RWE AG,RWE.DE
2024-06-05,34.06783676147461,35.20000076293945,35.88999938964844,34.90999984741211,35.790000915527344,2348353,RWE AG,RWE.DE
2024-06-06,33.748451232910156,34.869998931884766,35.630001068115234,34.7400016784668,35.09000015258789,1751921,RWE AG,RWE.DE
2024-06-07,33.08064270019531,34.18000030517578,34.95000076293945,33.959999084472656,34.83000183105469,2919066,RWE AG,RWE.DE
2024-06-10,32.52897644042969,33.61000061035156,33.90999984741211,33.34000015258789,33.90999984741211,1999493,RWE AG,RWE.DE
2024-06-11,32.60640335083008,33.689998626708984,33.83000183105469,33.2400016784668,33.61000061035156,1777914,RWE AG,RWE.DE
2024-06-12,32.9548225402832,34.04999923706055,34.33000183105469,33.59000015258789,33.7400016784668,1783747,RWE AG,RWE.DE
2024-06-13,32.577369689941406,33.65999984741211,34.150001525878906,33.4900016784668,33.869998931884766,1536003,RWE AG,RWE.DE
2024-06-14,32.093448638916016,33.15999984741211,33.79999923706055,32.84000015258789,33.7599983215332,2431725,RWE AG,RWE.DE
2024-06-17,31.977310180664062,33.040000915527344,33.20000076293945,32.72999954223633,33.16999816894531,1606245,RWE AG,RWE.DE
2024-06-18,32.335411071777344,33.40999984741211,33.459999084472656,33.0,33.099998474121094,1284146,RWE AG,RWE.DE
2024-06-19,32.035377502441406,33.099998474121094,33.59000015258789,33.0,33.40999984741211,1349750,RWE AG,RWE.DE
2024-06-20,32.441871643066406,33.52000045776367,33.63999938964844,33.15999984741211,33.2400016784668,2012977,RWE AG,RWE.DE
2024-06-21,32.354766845703125,33.43000030517578,33.779998779296875,33.41999816894531,33.52000045776367,2919743,RWE AG,RWE.DE
2024-06-24,32.39348220825195,33.470001220703125,33.650001525878906,33.08000183105469,33.40999984741211,1378432,RWE AG,RWE.DE
2024-06-25,32.577369689941406,33.65999984741211,33.70000076293945,33.38999938964844,33.5,1152301,RWE AG,RWE.DE
2024-06-26,32.15152359008789,33.220001220703125,33.7599983215332,32.81999969482422,33.65999984741211,1710938,RWE AG,RWE.DE
2024-06-27,31.55146026611328,32.599998474121094,33.2400016784668,32.29999923706055,33.16999816894531,2967239,RWE AG,RWE.DE
2024-06-28,30.9223690032959,31.950000762939453,32.630001068115234,31.8799991607666,32.5,3411687,RWE AG,RWE.DE
2024-07-01,31.55146026611328,32.599998474121094,33.029998779296875,32.45000076293945,32.459999084472656,1661694,RWE AG,RWE.DE
2024-07-02,31.115938186645508,32.150001525878906,32.56999969482422,32.150001525878906,32.5,1737588,RWE AG,RWE.DE
2024-07-03,31.64824676513672,32.70000076293945,32.7599983215332,32.02000045776367,32.20000076293945,2146977,RWE AG,RWE.DE
2024-07-04,31.909563064575195,32.970001220703125,32.970001220703125,32.540000915527344,32.56999969482422,974064,RWE AG,RWE.DE
2024-07-05,32.5192985534668,33.599998474121094,33.599998474121094,33.119998931884766,33.119998931884766,1242770,RWE AG,RWE.DE
2024-07-08,31.996667861938477,33.060001373291016,33.5099983215332,33.02000045776367,33.459999084472656,1398065,RWE AG,RWE.DE
2024-07-09,31.59017562866211,32.63999938964844,33.33000183105469,32.529998779296875,33.09000015258789,1070802,RWE AG,RWE.DE
2024-07-10,31.986988067626953,33.04999923706055,33.209999084472656,32.63999938964844,32.66999816894531,1258252,RWE AG,RWE.DE
2024-07-11,32.93546676635742,34.029998779296875,34.029998779296875,33.02000045776367,33.349998474121094,2173979,RWE AG,RWE.DE
2024-07-12,32.79996871948242,33.88999938964844,34.22999954223633,33.709999084472656,34.16999816894531,1235791,RWE AG,RWE.DE
2024-07-15,31.67728042602539,32.72999954223633,33.75,32.619998931884766,33.75,2245812,RWE AG,RWE.DE
2024-07-16,31.561141967773438,32.61000061035156,32.93000030517578,32.310001373291016,32.619998931884766,1253584,RWE AG,RWE.DE
2024-07-17,31.686960220336914,32.7400016784668,33.02000045776367,32.45000076293945,32.45000076293945,1718179,RWE AG,RWE.DE
2024-07-18,31.715993881225586,32.77000045776367,33.040000915527344,32.75,32.84000015258789,1311919,RWE AG,RWE.DE
2024-07-19,31.7353515625,32.790000915527344,33.20000076293945,32.38999938964844,32.4900016784668,1662608,RWE AG,RWE.DE
2024-07-22,31.938596725463867,33.0,33.34000015258789,33.0,33.22999954223633,1267381,RWE AG,RWE.DE
2024-07-23,32.04505920410156,33.11000061035156,33.11000061035156,32.630001068115234,32.720001220703125,870481,RWE AG,RWE.DE
2024-07-24,32.18055725097656,33.25,33.58000183105469,32.869998931884766,32.900001525878906,1507859,RWE AG,RWE.DE
2024-07-25,32.228946685791016,33.29999923706055,33.529998779296875,32.86000061035156,33.040000915527344,2234389,RWE AG,RWE.DE
2024-07-26,32.548336029052734,33.630001068115234,33.630001068115234,33.060001373291016,33.150001525878906,1349509,RWE AG,RWE.DE
2024-07-29,32.98386001586914,34.08000183105469,34.400001525878906,33.720001220703125,33.75,1447778,RWE AG,RWE.DE
2024-07-30,33.13871383666992,34.2400016784668,34.36000061035156,33.90999984741211,34.16999816894531,981370,RWE AG,RWE.DE
2024-07-31,33.380672454833984,34.4900016784668,34.650001525878906,34.36000061035156,34.54999923706055,1600402,RWE AG,RWE.DE
2024-08-01,33.14839172363281,34.25,34.84000015258789,34.150001525878906,34.43000030517578,1050042,RWE AG,RWE.DE
2024-08-02,30.544912338256836,31.559999465942383,34.0099983215332,31.559999465942383,33.84000015258789,7711863,RWE AG,RWE.DE
2024-08-05,29.867427825927734,30.860000610351562,31.549999237060547,30.65999984741211,30.84000015258789,3537223,RWE AG,RWE.DE
2024-08-06,30.0029239654541,31.0,31.6299991607666,30.760000228881836,31.049999237060547,2315397,RWE AG,RWE.DE
2024-08-07,30.903011322021484,31.93000030517578,32.18000030517578,31.0,31.149999618530273,2105560,RWE AG,RWE.DE
2024-08-08,31.028831481933594,32.060001373291016,32.060001373291016,31.559999465942383,31.920000076293945,1323126,RWE AG,RWE.DE
2024-08-09,30.79654884338379,31.81999969482422,32.22999954223633,31.739999771118164,31.969999313354492,1192336,RWE AG,RWE.DE
2024-08-12,31.319181442260742,32.36000061035156,32.540000915527344,31.860000610351562,31.860000610351562,1422774,RWE AG,RWE.DE
2024-08-13,31.251434326171875,32.290000915527344,32.75,32.189998626708984,32.560001373291016,1517484,RWE AG,RWE.DE
2024-08-14,29.47061538696289,30.450000762939453,32.16999816894531,30.260000228881836,31.760000228881836,6461931,RWE AG,RWE.DE
2024-08-15,29.809356689453125,30.799999237060547,31.3700008392334,30.700000762939453,30.700000762939453,3328252,RWE AG,RWE.DE
2024-08-16,30.012601852416992,31.010000228881836,31.079999923706055,30.760000228881836,30.889999389648438,2841730,RWE AG,RWE.DE
2024-08-19,30.361024856567383,31.3700008392334,31.459999084472656,31.030000686645508,31.059999465942383,1910319,RWE AG,RWE.DE
2024-08-20,30.525556564331055,31.540000915527344,31.600000381469727,31.270000457763672,31.3700008392334,0,RWE AG,RWE.DE
2024-08-21,30.477163314819336,31.489999771118164,31.649999618530273,31.290000915527344,31.5,1528761,RWE AG,RWE.DE
2024-08-22,30.65137481689453,31.670000076293945,31.809999465942383,31.479999542236328,31.479999542236328,1451175,RWE AG,RWE.DE
2024-08-23,31.01915168762207,32.04999923706055,32.119998931884766,31.690000534057617,31.739999771118164,1604564,RWE AG,RWE.DE
2024-08-26,31.057865142822266,32.09000015258789,32.150001525878906,31.860000610351562,32.0,1055745,RWE AG,RWE.DE
2024-08-27,31.086898803710938,32.119998931884766,32.33000183105469,32.119998931884766,32.20000076293945,866197,RWE AG,RWE.DE
2024-08-28,31.086898803710938,32.119998931884766,32.25,32.02000045776367,32.09000015258789,1217460,RWE AG,RWE.DE
2024-08-29,31.570817947387695,32.619998931884766,32.90999984741211,32.060001373291016,32.060001373291016,2027623,RWE AG,RWE.DE
2024-08-30,31.58049774169922,32.630001068115234,32.97999954223633,32.619998931884766,32.689998626708984,1708485,RWE AG,RWE.DE
2024-09-02,31.657922744750977,32.709999084472656,32.84000015258789,32.349998474121094,32.63999938964844,1201839,RWE AG,RWE.DE
2024-09-03,31.570817947387695,32.619998931884766,32.90999984741211,32.5099983215332,32.70000076293945,0,RWE AG,RWE.DE
2024-09-04,31.270790100097656,32.310001373291016,32.540000915527344,32.040000915527344,32.34000015258789,1355003,RWE AG,RWE.DE
2024-09-05,31.909563064575195,32.970001220703125,33.599998474121094,32.279998779296875,32.290000915527344,4214689,RWE AG,RWE.DE
2024-09-06,31.754709243774414,32.810001373291016,33.09000015258789,32.77000045776367,32.90999984741211,1450692,RWE AG,RWE.DE
2024-09-09,32.103126525878906,33.16999816894531,33.470001220703125,32.540000915527344,32.95000076293945,1707664,RWE AG,RWE.DE
2024-09-10,32.04505920410156,33.11000061035156,34.029998779296875,33.11000061035156,33.310001373291016,2387269,RWE AG,RWE.DE
2024-09-11,31.783742904663086,32.84000015258789,33.7400016784668,32.599998474121094,33.400001525878906,1951435,RWE AG,RWE.DE
2024-09-12,31.58049774169922,32.630001068115234,33.310001373291016,32.58000183105469,33.0099983215332,1438294,RWE AG,RWE.DE
2024-09-13,31.948272705078125,33.0099983215332,33.06999969482422,32.70000076293945,32.79999923706055,1364666,RWE AG,RWE.DE
2024-09-16,31.61920928955078,32.66999816894531,33.15999984741211,32.56999969482422,33.06999969482422,1406116,RWE AG,RWE.DE
2024-09-17,31.64824676513672,32.70000076293945,32.91999816894531,32.5,32.869998931884766,1536976,RWE AG,RWE.DE
2024-09-18,31.24175262451172,32.279998779296875,32.81999969482422,32.279998779296875,32.7599983215332,1868211,RWE AG,RWE.DE
2024-09-19,30.04163932800293,31.040000915527344,32.540000915527344,30.959999084472656,32.5,4791496,RWE AG,RWE.DE
2024-09-20,30.080350875854492,31.079999923706055,31.309999465942383,30.940000534057617,31.049999237060547,3740991,RWE AG,RWE.DE
2024-09-23,30.912691116333008,31.940000534057617,32.099998474121094,31.1200008392334,31.15999984741211,2018447,RWE AG,RWE.DE
2024-09-24,31.17400550842285,32.209999084472656,32.279998779296875,31.790000915527344,32.09000015258789,1257706,RWE AG,RWE.DE
2024-09-25,31.048189163208008,32.08000183105469,32.220001220703125,31.739999771118164,32.040000915527344,1604108,RWE AG,RWE.DE
2024-09-26,31.948272705078125,33.0099983215332,33.310001373291016,32.52000045776367,32.650001525878906,3770743,RWE AG,RWE.DE
2024-09-27,32.15152359008789,33.220001220703125,33.439998626708984,32.9900016784668,33.20000076293945,2205978,RWE AG,RWE.DE
2024-09-30,31.628889083862305,32.68000030517578,33.18000030517578,32.68000030517578,33.09000015258789,1951912,RWE AG,RWE.DE
2024-10-01,31.270790100097656,32.310001373291016,32.75,32.209999084472656,32.630001068115234,2013362,RWE AG,RWE.DE
2024-10-02,31.29014778137207,32.33000183105469,32.45000076293945,32.0099983215332,32.34000015258789,1576667,RWE AG,RWE.DE
2024-10-03,31.057865142822266,32.09000015258789,32.380001068115234,31.920000076293945,32.189998626708984,1270584,RWE AG,RWE.DE
2024-10-04,30.44812774658203,31.459999084472656,32.310001373291016,31.200000762939453,32.15999984741211,2686735,RWE AG,RWE.DE
2024-10-07,30.515878677368164,31.530000686645508,31.780000686645508,31.260000228881836,31.610000610351562,1692656,RWE AG,RWE.DE
2024-10-08,30.34166717529297,31.350000381469727,31.56999969482422,31.270000457763672,31.399999618530273,1419305,RWE AG,RWE.DE
2024-10-09,30.41909408569336,31.43000030517578,31.520000457763672,31.18000030517578,31.43000030517578,1436902,RWE AG,RWE.DE
2024-10-10,30.35134506225586,31.360000610351562,31.510000228881836,31.170000076293945,31.389999389648438,1151943,RWE AG,RWE.DE
2024-10-11,30.544912338256836,31.559999465942383,31.770000457763672,31.309999465942383,31.31999969482422,1160111,RWE AG,RWE.DE
2024-10-14,30.835264205932617,31.860000610351562,31.920000076293945,31.459999084472656,31.65999984741211,1158200,RWE AG,RWE.DE
2024-10-15,30.777193069458008,31.799999237060547,32.09000015258789,31.700000762939453,32.0,1844553,RWE AG,RWE.DE
2024-10-16,30.728801727294922,31.75,31.860000610351562,31.440000534057617,31.850000381469727,1240191,RWE AG,RWE.DE
2024-10-17,30.515878677368164,31.530000686645508,32.02000045776367,31.489999771118164,31.649999618530273,1527786,RWE AG,RWE.DE
2024-10-18,30.477163314819336,31.489999771118164,31.530000686645508,31.15999984741211,31.469999313354492,1521920,RWE AG,RWE.DE
2024-10-21,30.525556564331055,31.540000915527344,31.719999313354492,31.0,31.520000457763672,1510851,RWE AG,RWE.DE
2024-10-22,30.012601852416992,31.010000228881836,31.40999984741211,30.809999465942383,31.389999389648438,1948100,RWE AG,RWE.DE
2024-10-23,29.625469207763672,30.610000610351562,31.18000030517578,30.610000610351562,31.0,1466339,RWE AG,RWE.DE
2024-10-24,29.780323028564453,30.770000457763672,31.170000076293945,30.610000610351562,30.649999618530273,1880457,RWE AG,RWE.DE
2024-10-25,29.72224998474121,30.709999084472656,30.889999389648438,30.43000030517578,30.700000762939453,0,RWE AG,RWE.DE
2024-10-28,29.77064323425293,30.760000228881836,30.899999618530273,30.690000534057617,30.81999969482422,945575,RWE AG,RWE.DE
2024-10-29,29.296403884887695,30.270000457763672,31.110000610351562,30.270000457763672,30.959999084472656,2263359,RWE AG,RWE.DE
2024-10-30,29.218976974487305,30.190000534057617,30.40999984741211,30.0,30.209999084472656,1465384,RWE AG,RWE.DE
2024-10-31,28.81248664855957,29.770000457763672,30.139999389648438,29.520000457763672,30.06999969482422,2814685,RWE AG,RWE.DE
2024-11-01,28.783451080322266,29.739999771118164,30.100000381469727,29.68000030517578,29.709999084472656,1354784,RWE AG,RWE.DE
2024-11-04,29.238332748413086,30.209999084472656,30.5,29.780000686645508,29.84000015258789,2715141,RWE AG,RWE.DE
2024-11-05,29.402864456176758,30.3799991607666,30.540000915527344,30.1200008392334,30.299999237060547,1946259,RWE AG,RWE.DE
2024-11-06,28.115642547607422,29.049999237060547,29.920000076293945,28.149999618530273,29.479999542236328,8640891,RWE AG,RWE.DE
2024-11-07,29.131872177124023,30.100000381469727,30.56999969482422,29.0,29.010000228881836,6404687,RWE AG,RWE.DE
2024-11-08,29.18026351928711,30.149999618530273,30.440000534057617,29.899999618530273,30.100000381469727,2114309,RWE AG,RWE.DE
2024-11-11,29.77064323425293,30.760000228881836,31.020000457763672,30.270000457763672,30.280000686645508,2104522,RWE AG,RWE.DE
2024-11-12,29.151229858398438,30.1200008392334,30.709999084472656,30.100000381469727,30.6299991607666,2288268,RWE AG,RWE.DE
2024-11-13,30.94172477722168,31.969999313354492,32.810001373291016,31.780000686645508,32.04999923706055,8233800,RWE AG,RWE.DE
2024-11-14,30.728801727294922,31.75,32.150001525878906,31.690000534057617,32.0,3033923,RWE AG,RWE.DE
2024-11-15,30.903011322021484,31.93000030517578,32.279998779296875,31.600000381469727,31.65999984741211,2678521,RWE AG,RWE.DE
2024-11-18,30.893333435058594,31.920000076293945,32.279998779296875,31.68000030517578,32.16999816894531,1831811,RWE AG,RWE.DE
2024-11-19,30.40941619873047,31.420000076293945,32.209999084472656,31.290000915527344,31.950000762939453,1585949,RWE AG,RWE.DE
2024-11-20,30.0029239654541,31.0,31.6299991607666,30.729999542236328,31.5,2227880,RWE AG,RWE.DE
2024-11-21,29.780323028564453,30.770000457763672,31.030000686645508,30.56999969482422,30.860000610351562,2495514,RWE AG,RWE.DE
2024-11-22,30.012601852416992,31.010000228881836,31.440000534057617,30.790000915527344,30.799999237060547,2379474,RWE AG,RWE.DE
2024-11-25,29.964210510253906,30.959999084472656,31.31999969482422,30.68000030517578,31.139999389648438,3084104,RWE AG,RWE.DE
2024-11-26,29.809356689453125,30.799999237060547,31.270000457763672,30.700000762939453,30.829999923706055,1775025,RWE AG,RWE.DE
2024-11-27,30.13842010498047,31.139999389648438,31.299999237060547,30.469999313354492,30.860000610351562,2158516,RWE AG,RWE.DE
2024-11-28,30.13842010498047,31.139999389648438,31.139999389648438,31.139999389648438,31.139999389648438,0,RWE AG,RWE.DE
2024-11-29,30.844942092895508,31.8700008392334,31.899999618530273,31.540000915527344,31.770000457763672,2078558,RWE AG,RWE.DE
2024-12-02,30.806228637695312,31.829999923706055,32.220001220703125,31.670000076293945,31.739999771118164,2737757,RWE AG,RWE.DE
2024-12-03,30.680410385131836,31.700000762939453,32.11000061035156,31.510000228881836,32.0,3711036,RWE AG,RWE.DE
2024-12-04,29.973888397216797,30.969999313354492,31.93000030517578,30.920000076293945,31.81999969482422,3206018,RWE AG,RWE.DE
2024-12-05,29.76096534729004,30.75,31.270000457763672,30.719999313354492,30.889999389648438,2872558,RWE AG,RWE.DE
2024-12-06,29.741607666015625,30.729999542236328,30.93000030517578,30.610000610351562,30.799999237060547,1585643,RWE AG,RWE.DE
2024-12-09,29.944854736328125,30.940000534057617,30.940000534057617,30.719999313354492,30.860000610351562,1737391,RWE AG,RWE.DE
2024-12-10,29.944854736328125,30.940000534057617,30.940000534057617,30.940000534057617,30.940000534057617,0,RWE AG,RWE.DE
2024-12-11,29.228654861450195,30.200000762939453,30.8799991607666,30.100000381469727,30.850000381469727,2724004,RWE AG,RWE.DE
2024-12-12,28.938302993774414,29.899999618530273,30.309999465942383,29.899999618530273,30.15999984741211,2208165,RWE AG,RWE.DE
2024-12-13,28.338247299194336,29.280000686645508,29.969999313354492,29.1299991607666,29.93000030517578,3496233,RWE AG,RWE.DE
2024-12-16,27.6607608795166,28.579999923706055,29.309999465942383,28.399999618530273,29.219999313354492,3803260,RWE AG,RWE.DE
2024-12-17,27.418800354003906,28.329999923706055,28.540000915527344,28.170000076293945,28.399999618530273,3861280,RWE AG,RWE.DE
2024-12-18,27.35105323791504,28.260000228881836,28.440000534057617,27.889999389648438,28.280000686645508,2875581,RWE AG,RWE.DE
2024-12-19,27.418800354003906,28.329999923706055,28.43000030517578,27.760000228881836,27.899999618530273,2862344,RWE AG,RWE.DE
2024-12-20,27.341373443603516,28.25,28.25,27.8799991607666,28.049999237060547,4082329,RWE AG,RWE.DE
2024-12-23,27.544618606567383,28.459999084472656,28.459999084472656,28.020000457763672,28.25,1604176,RWE AG,RWE.DE
2024-12-27,27.6607608795166,28.579999923706055,28.579999923706055,28.020000457763672,28.260000228881836,2222263,RWE AG,RWE.DE
2024-12-30,27.6607608795166,28.579999923706055,28.579999923706055,28.579999923706055,28.579999923706055,0,RWE AG,RWE.DE
2025-01-02,28.60923957824707,29.559999465942383,29.65999984741211,28.8799991607666,28.93000030517578,2958886,RWE AG,RWE.DE
2025-01-03,29.354473114013672,30.329999923706055,30.5,29.31999969482422,29.670000076293945,3711652,RWE AG,RWE.DE
2025-01-06,29.296403884887695,30.270000457763672,30.469999313354492,30.079999923706055,30.440000534057617,1864312,RWE AG,RWE.DE
2025-01-07,29.025409698486328,29.989999771118164,30.40999984741211,29.93000030517578,30.229999542236328,2022927,RWE AG,RWE.DE
2025-01-08,29.025409698486328,29.989999771118164,29.989999771118164,29.989999771118164,29.989999771118164,0,RWE AG,RWE.DE
2025-01-09,27.622047424316406,28.540000915527344,29.329999923706055,28.520000457763672,29.18000030517578,2620368,RWE AG,RWE.DE
2025-01-10,27.23491096496582,28.139999389648438,28.549999237060547,27.979999542236328,28.5,3319307,RWE AG,RWE.DE
2025-01-13,27.6607608795166,28.579999923706055,28.920000076293945,28.15999984741211,28.18000030517578,2145733,RWE AG,RWE.DE
2025-01-14,27.447837829589844,28.360000610351562,28.690000534057617,28.219999313354492,28.670000076293945,1889060,RWE AG,RWE.DE
2025-01-15,28.047893524169922,28.979999542236328,29.190000534057617,28.389999389648438,28.56999969482422,2211092,RWE AG,RWE.DE
2025-01-16,28.07693099975586,29.010000228881836,29.1299991607666,28.68000030517578,29.030000686645508,2199882,RWE AG,RWE.DE
2025-01-17,28.405994415283203,29.350000381469727,29.760000228881836,29.219999313354492,29.290000915527344,2916752,RWE AG,RWE.DE
2025-01-20,28.560848236083984,29.510000228881836,29.670000076293945,29.09000015258789,29.43000030517578,1840904,RWE AG,RWE.DE
2025-01-21,28.560848236083984,29.510000228881836,29.510000228881836,29.510000228881836,29.510000228881836,0,RWE AG,RWE.DE
2025-01-22,27.72850799560547,28.649999618530273,29.399999618530273,28.639999389648438,29.34000015258789,2649237,RWE AG,RWE.DE
2025-01-23,27.96078872680664,28.889999389648438,28.920000076293945,28.610000610351562,28.65999984741211,1341818,RWE AG,RWE.DE
2025-01-24,27.96078872680664,28.889999389648438,28.889999389648438,28.889999389648438,28.889999389648438,0,RWE AG,RWE.DE
2025-01-27,27.602689743041992,28.520000457763672,29.079999923706055,28.520000457763672,28.700000762939453,2314282,RWE AG,RWE.DE
2025-01-28,28.07693099975586,29.010000228881836,29.649999618530273,28.40999984741211,28.549999237060547,2852191,RWE AG,RWE.DE
2025-01-29,28.425352096557617,29.3700008392334,29.3700008392334,28.719999313354492,29.010000228881836,2248247,RWE AG,RWE.DE
2025-01-30,28.65763282775879,29.610000610351562,29.760000228881836,29.15999984741211,29.3799991607666,1730979,RWE AG,RWE.DE
2025-01-31,28.918947219848633,29.8799991607666,30.040000915527344,29.670000076293945,29.719999313354492,2033260,RWE AG,RWE.DE
2025-02-03,28.676986694335938,29.6299991607666,29.809999465942383,29.290000915527344,29.649999618530273,1835614,RWE AG,RWE.DE
2025-02-04,28.76409339904785,29.719999313354492,29.739999771118164,29.309999465942383,29.6299991607666,2200517,RWE AG,RWE.DE
2025-02-05,29.03508758544922,30.0,30.059999465942383,29.43000030517578,29.649999618530273,2661215,RWE AG,RWE.DE
2025-02-06,28.396316528320312,29.34000015258789,30.1200008392334,29.15999984741211,29.989999771118164,3403325,RWE AG,RWE.DE
2025-02-07,27.72850799560547,28.649999618530273,29.770000457763672,28.649999618530273,29.360000610351562,4134849,RWE AG,RWE.DE
2025-02-10,27.72850799560547,28.649999618530273,28.649999618530273,28.649999618530273,28.649999618530273,0,RWE AG,RWE.DE
2025-02-11,28.125320434570312,29.059999465942383,29.350000381469727,28.950000762939453,29.190000534057617,1762302,RWE AG,RWE.DE
2025-02-12,27.534942626953125,28.450000762939453,29.360000610351562,28.3700008392334,29.139999389648438,3238780,RWE AG,RWE.DE
2025-02-13,27.467191696166992,28.3799991607666,28.700000762939453,27.950000762939453,28.209999084472656,4023512,RWE AG,RWE.DE
2025-02-14,27.631725311279297,28.549999237060547,28.709999084472656,28.239999771118164,28.299999237060547,2108054,RWE AG,RWE.DE
2025-02-17,27.554298400878906,28.469999313354492,28.799999237060547,28.31999969482422,28.600000381469727,1905566,RWE AG,RWE.DE
2025-02-18,27.496227264404297,28.40999984741211,28.649999618530273,28.100000381469727,28.59000015258789,2688393,RWE AG,RWE.DE
2025-02-19,27.563976287841797,28.479999542236328,29.010000228881836,28.31999969482422,28.469999313354492,2719623,RWE AG,RWE.DE
2025-02-20,27.88336181640625,28.809999465942383,29.299999237060547,28.549999237060547,28.719999313354492,3709585,RWE AG,RWE.DE
2025-02-21,28.193069458007812,29.1299991607666,29.260000228881836,28.639999389648438,28.860000610351562,3224113,RWE AG,RWE.DE
2025-02-24,29.27704620361328,30.25,30.260000228881836,29.56999969482422,29.700000762939453,3595665,RWE AG,RWE.DE
2025-02-25,29.18994140625,30.15999984741211,30.65999984741211,30.15999984741211,30.31999969482422,2668276,RWE AG,RWE.DE
2025-02-26,29.68353843688965,30.670000076293945,30.75,30.209999084472656,30.479999542236328,1850094,RWE AG,RWE.DE
2025-02-27,29.151229858398438,30.1200008392334,30.600000381469727,29.940000534057617,30.540000915527344,3370118,RWE AG,RWE.DE
2025-02-28,29.34479522705078,30.31999969482422,30.450000762939453,29.829999923706055,30.15999984741211,2517605,RWE AG,RWE.DE
2025-03-03,29.635147094726562,30.6200008392334,30.790000915527344,30.100000381469727,30.260000228881836,2096648,RWE AG,RWE.DE
2025-03-04,29.373830795288086,30.350000381469727,30.93000030517578,30.239999771118164,30.700000762939453,2209421,RWE AG,RWE.DE
2025-03-05,29.47061538696289,30.450000762939453,30.969999313354492,30.200000762939453,30.200000762939453,0,RWE AG,RWE.DE
2025-03-06,30.0029239654541,31.0,31.18000030517578,30.389999389648438,30.440000534057617,3403348,RWE AG,RWE.DE
2025-03-07,30.119064331054688,31.1200008392334,31.280000686645508,30.520000457763672,31.190000534057617,2856352,RWE AG,RWE.DE
2025-03-10,29.896461486816406,30.889999389648438,31.389999389648438,30.770000457763672,31.25,2370483,RWE AG,RWE.DE
2025-03-11,30.080350875854492,31.079999923706055,31.549999237060547,30.920000076293945,30.920000076293945,2450007,RWE AG,RWE.DE
2025-03-12,30.157777786254883,31.15999984741211,31.6299991607666,30.809999465942383,31.200000762939453,2488567,RWE AG,RWE.DE
2025-03-13,30.961082458496094,31.989999771118164,32.790000915527344,31.1299991607666,31.299999237060547,0,RWE AG,RWE.DE
2025-03-14,31.154647827148438,32.189998626708984,32.56999969482422,31.709999084472656,31.979999542236328,4095102,RWE AG,RWE.DE
2025-03-17,31.37725067138672,32.41999816894531,32.630001068115234,32.130001068115234,32.189998626708984,2441800,RWE AG,RWE.DE
2025-03-18,32.18055725097656,33.25,33.36000061035156,32.52000045776367,32.52000045776367,3621733,RWE AG,RWE.DE
2025-03-19,31.986988067626953,33.04999923706055,33.5,32.90999984741211,33.349998474121094,3595910,RWE AG,RWE.DE
2025-03-20,31.028831481933594,32.060001373291016,32.869998931884766,31.540000915527344,32.29999923706055,6597941,RWE AG,RWE.DE
2025-03-21,31.057865142822266,32.09000015258789,32.63999938964844,32.02000045776367,32.29999923706055,5916648,RWE AG,RWE.DE
2025-03-24,31.057865142822266,32.09000015258789,32.09000015258789,32.09000015258789,32.09000015258789,0,RWE AG,RWE.DE
2025-03-25,31.52242660522461,32.56999969482422,32.959999084472656,32.540000915527344,32.81999969482422,1819478,RWE AG,RWE.DE
2025-03-26,31.8031005859375,32.86000061035156,33.09000015258789,32.65999984741211,32.68000030517578,2039083,RWE AG,RWE.DE
2025-03-27,31.919239044189453,32.97999954223633,33.16999816894531,32.75,32.79999923706055,1965340,RWE AG,RWE.DE
2025-03-28,32.05473709106445,33.119998931884766,33.279998779296875,32.59000015258789,33.02000045776367,2180067,RWE AG,RWE.DE
2025-03-31,31.95795440673828,33.02000045776367,33.20000076293945,32.59000015258789,33.06999969482422,1983856,RWE AG,RWE.DE
2025-04-01,32.47090530395508,33.54999923706055,33.97999954223633,32.959999084472656,33.0099983215332,3948774,RWE AG,RWE.DE
2025-04-02,32.67415237426758,33.7599983215332,33.939998626708984,33.45000076293945,33.45000076293945,2307344,RWE AG,RWE.DE
2025-04-03,33.06128692626953,34.15999984741211,34.65999984741211,33.470001220703125,33.72999954223633,3740553,RWE AG,RWE.DE
2025-04-04,31.29014778137207,32.33000183105469,34.470001220703125,32.11000061035156,34.18000030517578,5671117,RWE AG,RWE.DE
2025-04-07,30.302953720092773,31.309999465942383,32.40999984741211,30.059999465942383,30.399999618530273,7649701,RWE AG,RWE.DE
2025-04-08,30.709444046020508,31.729999542236328,32.02000045776367,31.010000228881836,31.510000228881836,3647013,RWE AG,RWE.DE
2025-04-09,30.283597946166992,31.290000915527344,31.719999313354492,30.649999618530273,31.190000534057617,3654039,RWE AG,RWE.DE
2025-04-10,31.096580505371094,32.130001068115234,32.59000015258789,32.0,32.290000915527344,3278858,RWE AG,RWE.DE
2025-04-11,31.483713150024414,32.529998779296875,33.0,32.38999938964844,32.599998474121094,2951916,RWE AG,RWE.DE
2025-04-14,31.774066925048828,32.83000183105469,33.16999816894531,32.619998931884766,32.9900016784668,1913512,RWE AG,RWE.DE
2025-04-15,31.774066925048828,32.83000183105469,32.83000183105469,32.83000183105469,32.83000183105469,0,RWE AG,RWE.DE
2025-04-16,32.98386001586914,34.08000183105469,34.099998474121094,33.689998626708984,33.900001525878906,2122566,RWE AG,RWE.DE
2025-04-17,32.98386001586914,34.08000183105469,34.310001373291016,33.79999923706055,33.97999954223633,2281623,RWE AG,RWE.DE
2025-04-22,33.04193115234375,34.13999938964844,34.380001068115234,33.63999938964844,34.2400016784668,1874941,RWE AG,RWE.DE
2025-04-23,32.509620666503906,33.59000015258789,34.439998626708984,33.33000183105469,34.43000030517578,3033504,RWE AG,RWE.DE
2025-04-24,32.92578887939453,34.02000045776367,34.290000915527344,33.810001373291016,33.90999984741211,2292166,RWE AG,RWE.DE
2025-04-25,32.92578887939453,34.02000045776367,34.02000045776367,34.02000045776367,34.02000045776367,0,RWE AG,RWE.DE
2025-04-28,32.635440826416016,33.720001220703125,34.15999984741211,33.369998931884766,33.97999954223633,2331482,RWE AG,RWE.DE
2025-04-29,33.0903205871582,34.189998626708984,34.38999938964844,33.65999984741211,33.77000045776367,1837970,RWE AG,RWE.DE
2025-04-30,33.10000228881836,34.20000076293945,34.2599983215332,33.400001525878906,34.13999938964844,2853478,RWE AG,RWE.DE
2025-05-02,33.150001525878906,33.150001525878906,33.58000183105469,32.880001068115234,33.400001525878906,2846598,RWE AG,RWE.DE
2025-05-05,33.27000045776367,33.27000045776367,33.36000061035156,33.04999923706055,33.25,1820252,RWE AG,RWE.DE
2025-05-06,33.20000076293945,33.20000076293945,33.439998626708984,32.90999984741211,33.31999969482422,2051368,RWE AG,RWE.DE
2025-05-07,32.7599983215332,32.7599983215332,33.33000183105469,32.68000030517578,33.2400016784668,2487393,RWE AG,RWE.DE
2025-05-08,32.68000030517578,32.68000030517578,32.939998626708984,32.0099983215332,32.709999084472656,2693619,RWE AG,RWE.DE
2025-05-09,32.61000061035156,32.61000061035156,33.0,32.33000183105469,32.650001525878906,3036923,RWE AG,RWE.DE
2025-05-12,32.47999954223633,32.47999954223633,33.06999969482422,32.34000015258789,32.880001068115234,2570871,RWE AG,RWE.DE
2025-05-13,32.31999969482422,32.31999969482422,33.47999954223633,32.150001525878906,32.68000030517578,3680211,RWE AG,RWE.DE
2025-05-14,32.31999969482422,32.31999969482422,32.31999969482422,32.31999969482422,32.31999969482422,0,RWE AG,RWE.DE
2025-05-15,32.349998474121094,32.349998474121094,32.4900016784668,30.940000534057617,31.799999237060547,3837933,RWE AG,RWE.DE
2025-05-16,32.08000183105469,32.08000183105469,32.869998931884766,32.02000045776367,32.65999984741211,2913646,RWE AG,RWE.DE
2025-05-19,32.400001525878906,32.400001525878906,32.400001525878906,31.899999618530273,32.209999084472656,2278520,RWE AG,RWE.DE
2025-05-20,33.38999938964844,33.38999938964844,33.45000076293945,32.599998474121094,32.619998931884766,3863866,RWE AG,RWE.DE
2025-05-21,33.25,33.25,33.470001220703125,32.9900016784668,33.380001068115234,2773088,RWE AG,RWE.DE
2025-05-22,32.599998474121094,32.599998474121094,33.099998474121094,32.540000915527344,32.83000183105469,2708732,RWE AG,RWE.DE
2025-05-23,32.349998474121094,32.349998474121094,32.84000015258789,32.099998474121094,32.63999938964844,2570776,RWE AG,RWE.DE
2025-05-26,33.02000045776367,33.02000045776367,33.02000045776367,32.5099983215332,32.650001525878906,1623265,RWE AG,RWE.DE
2025-05-27,32.59000015258789,32.59000015258789,32.959999084472656,32.560001373291016,32.959999084472656,2420154,RWE AG,RWE.DE
2025-05-28,32.59000015258789,32.59000015258789,32.810001373291016,32.459999084472656,32.599998474121094,2253097,RWE AG,RWE.DE
2025-05-29,32.90999984741211,32.90999984741211,33.06999969482422,32.43000030517578,32.58000183105469,1544089,RWE AG,RWE.DE
2025-05-30,33.130001068115234,33.130001068115234,33.459999084472656,32.939998626708984,33.09000015258789,2880308,RWE AG,RWE.DE
2025-06-02,33.08000183105469,33.08000183105469,33.36000061035156,32.95000076293945,33.040000915527344,2062005,RWE AG,RWE.DE
2025-06-03,33.31999969482422,33.31999969482422,33.400001525878906,33.02000045776367,33.33000183105469,2224233,RWE AG,RWE.DE
2025-06-04,33.380001068115234,33.380001068115234,33.720001220703125,33.290000915527344,33.560001373291016,1413817,RWE AG,RWE.DE
2025-06-05,33.189998626708984,33.189998626708984,33.4900016784668,33.060001373291016,33.29999923706055,1288677,RWE AG,RWE.DE
2025-06-06,33.470001220703125,33.470001220703125,33.58000183105469,33.279998779296875,33.349998474121094,1149220,RWE AG,RWE.DE
2025-06-09,33.470001220703125,33.470001220703125,33.470001220703125,33.470001220703125,33.470001220703125,0,RWE AG,RWE.DE
2025-06-10,33.95000076293945,33.95000076293945,33.95000076293945,33.400001525878906,33.630001068115234,1515645,RWE AG,RWE.DE
2025-06-11,34.68000030517578,34.68000030517578,34.810001373291016,33.939998626708984,34.029998779296875,3194356,RWE AG,RWE.DE
2025-06-12,35.22999954223633,35.22999954223633,35.369998931884766,34.439998626708984,34.70000076293945,3010818,RWE AG,RWE.DE
2025-06-13,35.59000015258789,35.59000015258789,35.900001525878906,35.400001525878906,35.68000030517578,3528085,RWE AG,RWE.DE
2025-06-16,35.900001525878906,35.900001525878906,35.900001525878906,35.4900016784668,35.619998931884766,2683573,RWE AG,RWE.DE
2025-06-17,35.470001220703125,35.470001220703125,35.650001525878906,35.2599983215332,35.56999969482422,2503822,RWE AG,RWE.DE
2025-06-18,35.060001373291016,35.060001373291016,35.54999923706055,35.060001373291016,35.40999984741211,1849062,RWE AG,RWE.DE
2025-06-19,35.0,35.0,35.18000030517578,34.779998779296875,34.900001525878906,1567655,RWE AG,RWE.DE
